PuzzleId,FEN,Moves,Rating,RatingDeviation,Popularity,NbPlays,Themes,GameUrl,OpeningTags,PGN_partial,Move_numbers,correct_moves,puzzle_solved,total_moves,accuracy_percentage,error,aggressive_move,positional_move,neutral_move,final_consensus_move,debate_history,single_model_response,single_model_move,single_model_prompt_tokens,single_model_completion_tokens,single_model_total_tokens,single_model_model,single_model_finish_reason,moderator_decision,judge_decision,debate_v2_history,aggressive_prompt_tokens,aggressive_completion_tokens,aggressive_total_tokens,aggressive_model,aggressive_finish_reason,aggressive_response,positional_prompt_tokens,positional_completion_tokens,positional_total_tokens,positional_model,positional_finish_reason,positional_response,neutral_prompt_tokens,neutral_completion_tokens,neutral_total_tokens,neutral_model,neutral_finish_reason,neutral_response,moderator_prompt_tokens,moderator_completion_tokens,moderator_total_tokens,moderator_model,moderator_finish_reason,moderator_response,judge_prompt_tokens,judge_completion_tokens,judge_total_tokens,judge_model,judge_finish_reason,judge_response,total_prompt_tokens,total_completion_tokens,total_tokens,estimated_cost_usd,self_consistency_total_prompt_tokens,self_consistency_total_completion_tokens,self_consistency_total_tokens,debate_total_prompt_tokens,debate_total_completion_tokens,debate_total_tokens,single_model_total_prompt_tokens,single_model_total_completion_tokens,prompt_token_log,self_consistency_prompt_log,debate_prompt_log,single_model_prompt_log,planned_sequences,debate_rounds,early_consensus,single_model_fallback,both_models_failed,debate_success,final_reason,supported_side,board_fen,played_plies,current_turn,is_white_to_move,user_prompt,system_prompt
A9OXZ,1r4k1/3b1p1p/p2p2p1/2bP4/5P2/P2B3P/3Q2P1/7K w - - 1 33,d3a6 b8b1 h1h2 c5g1 h2g3 b1b3,993,86,95,207,advantage endgame long master,https://lichess.org/ROd0R1kE#65,,"[Event ""rated blitz game""]
[Site ""https://lichess.org/ROd0R1kE""]
[Date ""2023.05.06""]
[Round ""?""]
[White ""Dubatologist""]
[Black ""Fenrisulfur""]
[Result ""0-1""]
[GameId ""ROd0R1kE""]
[UTCDate ""2023.05.06""]
[UTCTime ""14:09:03""]
[WhiteElo ""2342""]
[BlackElo ""2454""]
[WhiteRatingDiff ""-4""]
[BlackRatingDiff ""+4""]
[BlackTitle ""FM""]
[Variant ""Standard""]
[TimeControl ""180+0""]
[ECO ""A65""]
[Opening ""Benoni Defense: King's Pawn Line""]
[Termination ""Normal""]

1. d4 Nf6 2. c4 g6 3. Nc3 Bg7 4. e4 d6 5. f3 O-O 6. Be3 c5 7. d5 e6 8. Qd2 exd5
9. cxd5 a6 10. a4 Re8 11. Nge2 Nbd7 12. Nc1 Ne5 13. Be2 Rb8 14. O-O c4 15. a5
Nfd7 16. f4 Nd3 17. Nxd3 cxd3 18. Bxd3 b5 19. axb6 Nxb6 20. Qf2 Qc7 21. Rfc1
Nc4 22. Na4 Nxe3 23. Rxc7 Bd4 24. Rc4 Ba7 25. Kh1 Re7 26. Qe2 Bg4 27. Qd2 Bd7
28. h3 Nxc4 29. Bxc4 Rxe4 30. Bd3 Rxa4 31. Ra3 Rxa3 32. bxa3 Bc5 33. Bxa6 0-1",65,0,False,3.0,0.0,Mismatch: expected b8b1 but got b8b2,Rb2,Rb2,,b8b2,,,,0,0,0,,,Early consensus - no moderator needed,Early consensus - both models agreed,"{'round1': {'affirmative_move': 'Rb2', 'negative_move': 'Rb2', 'affirmative_response': '1. d4 Nf6 2. c4 g6 3. Nc3 Bg7 4. e4 d6 5. f3 O-O 6. Be3 c5 7. d5 e6 8. Qd2 exd5 9. cxd5 a6 10. a4 Re8 11. Nge2 Nbd7 12. Nc1 Ne5 13. Be2 Rb8 14. O-O c4 15. a5 Nfd7 16. f4 Nd3 17. Nxd3 cxd3 18. Bxd3 b5 19. axb6 Nxb6 20. Qf2 Qc7 21. Rfc1 Nc4 22. Na4 Nxe3 23. Rxc7 Bd4 24. Rc4 Ba7 25. Kh1 Re7 26. Qe2 Bg4 27. Qd2 Bd7 28. h3 Nxc4 29. Bxc4 Rxe4 30. Bd3 Rxa4 31. Ra3 Rxa3 32. bxa3 Bc5 33. Bxa6 Rb2 34. Qc3 Rb1+ 35. Kh2 Bg1+', 'negative_response': '1. d4 Nf6 2. c4 g6 3. Nc3 Bg7 4. e4 d6 5. f3 O-O 6. Be3 c5 7. d5 e6 8. Qd2 exd5 9. cxd5 a6 10. a4 Re8 11. Nge2 Nbd7 12. Nc1 Ne5 13. Be2 Rb8 14. O-O c4 15. a5 Nfd7 16. f4 Nd3 17. Nxd3 cxd3 18. Bxd3 b5 19. axb6 Nxb6 20. Qf2 Qc7 21. Rfc1 Nc4 22. Na4 Nxe3 23. Rxc7 Bd4 24. Rc4 Ba7 25. Kh1 Re7 26. Qe2 Bg4 27. Qd2 Bd7 28. h3 Nxc4 29. Bxc4 Rxe4 30. Bd3 Rxa4 31. Ra3 Rxa3 32. bxa3 Bc5 33. Bxa6 Rb2 34. Qc3 Rb1+ 35. Kh2 Bg1+', 'affirmative_tokens': {'prompt_tokens': 378, 'completion_tokens': 283, 'total_tokens': 661, 'model': 'gpt-4-turbo', 'finish_reason': 'stop'}, 'negative_tokens': {'prompt_tokens': 378, 'completion_tokens': 283, 'total_tokens': 661, 'model': 'gpt-4-turbo', 'finish_reason': 'stop'}, 'moderator_response': 'Early consensus - no moderator needed', 'early_consensus': True}, 'final_result': {'final_move_san': 'Rb2', 'final_move_uci': 'b8b2', 'success': True, 'reason': 'Early consensus - both models agreed', 'supported_side': 'Both', 'source_agent': 'affirmative', 'source_agents': ['affirmative', 'negative']}, 'total_tokens': {'affirmative': {'prompt_tokens': 378, 'completion_tokens': 283, 'total_tokens': 661, 'model': 'gpt-4-turbo', 'finish_reason': 'stop'}, 'negative': {'prompt_tokens': 378, 'completion_tokens': 283, 'total_tokens': 661, 'model': 'gpt-4-turbo', 'finish_reason': 'stop'}, 'moderator': None, 'judge': None, 'total_prompt_tokens': 756, 'total_completion_tokens': 566, 'total_tokens': 1322}, 'token_events': [{'paradigm': 'debate', 'agent': 'affirmative', 'role': 'affirmative_round1', 'round': 1, 'ply_index': 65, 'turn_number': 33, 'is_white_to_move': False, 'prompt_tokens': 378, 'completion_tokens': 283, 'total_tokens': 661, 'model': 'gpt-4-turbo', 'finish_reason': 'stop'}, {'paradigm': 'debate', 'agent': 'negative', 'role': 'negative_round1', 'round': 1, 'ply_index': 65, 'turn_number': 33, 'is_white_to_move': False, 'prompt_tokens': 378, 'completion_tokens': 283, 'total_tokens': 661, 'model': 'gpt-4-turbo', 'finish_reason': 'stop'}], 'judge': {}, 'moderator': {'raw_response': None}}",378,283,661,gpt-4-turbo,stop,1. d4 Nf6 2. c4 g6 3. Nc3 Bg7 4. e4 d6 5. f3 O-O 6. Be3 c5 7. d5 e6 8. Qd2 exd5 9. cxd5 a6 10. a4 Re8 11. Nge2 Nbd7 12. Nc1 Ne5 13. Be2 Rb8 14. O-O c4 15. a5 Nfd7 16. f4 Nd3 17. Nxd3 cxd3 18. Bxd3 b5 19. axb6 Nxb6 20. Qf2 Qc7 21. Rfc1 Nc4 22. Na4 Nxe3 23. Rxc7 Bd4 24. Rc4 Ba7 25. Kh1 Re7 26. Qe2 Bg4 27. Qd2 Bd7 28. h3 Nxc4 29. Bxc4 Rxe4 30. Bd3 Rxa4 31. Ra3 Rxa3 32. bxa3 Bc5 33. Bxa6 Rb2 34. Qc3 Rb1+ 35. Kh2 Bg1+,378,283,661,gpt-4-turbo,stop,1. d4 Nf6 2. c4 g6 3. Nc3 Bg7 4. e4 d6 5. f3 O-O 6. Be3 c5 7. d5 e6 8. Qd2 exd5 9. cxd5 a6 10. a4 Re8 11. Nge2 Nbd7 12. Nc1 Ne5 13. Be2 Rb8 14. O-O c4 15. a5 Nfd7 16. f4 Nd3 17. Nxd3 cxd3 18. Bxd3 b5 19. axb6 Nxb6 20. Qf2 Qc7 21. Rfc1 Nc4 22. Na4 Nxe3 23. Rxc7 Bd4 24. Rc4 Ba7 25. Kh1 Re7 26. Qe2 Bg4 27. Qd2 Bd7 28. h3 Nxc4 29. Bxc4 Rxe4 30. Bd3 Rxa4 31. Ra3 Rxa3 32. bxa3 Bc5 33. Bxa6 Rb2 34. Qc3 Rb1+ 35. Kh2 Bg1+,0,0,0,,,,0,0,0,,,Early consensus - no moderator needed,0,0,0,,,,756,566,1322,0.0,0,0,0,756,566,1322,0,0,"[{""paradigm"": ""debate"", ""agent"": ""affirmative"", ""role"": ""affirmative_round1"", ""round"": 1, ""ply_index"": 65, ""turn_number"": 33, ""is_white_to_move"": false, ""prompt_tokens"": 378, ""completion_tokens"": 283, ""total_tokens"": 661, ""model"": ""gpt-4-turbo"", ""finish_reason"": ""stop"", ""puzzle_index"": 0}, {""paradigm"": ""debate"", ""agent"": ""negative"", ""role"": ""negative_round1"", ""round"": 1, ""ply_index"": 65, ""turn_number"": 33, ""is_white_to_move"": false, ""prompt_tokens"": 378, ""completion_tokens"": 283, ""total_tokens"": 661, ""model"": ""gpt-4-turbo"", ""finish_reason"": ""stop"", ""puzzle_index"": 0}]",[],"[{""paradigm"": ""debate"", ""agent"": ""affirmative"", ""role"": ""affirmative_round1"", ""round"": 1, ""ply_index"": 65, ""turn_number"": 33, ""is_white_to_move"": false, ""prompt_tokens"": 378, ""completion_tokens"": 283, ""total_tokens"": 661, ""model"": ""gpt-4-turbo"", ""finish_reason"": ""stop"", ""puzzle_index"": 0}, {""paradigm"": ""debate"", ""agent"": ""negative"", ""role"": ""negative_round1"", ""round"": 1, ""ply_index"": 65, ""turn_number"": 33, ""is_white_to_move"": false, ""prompt_tokens"": 378, ""completion_tokens"": 283, ""total_tokens"": 661, ""model"": ""gpt-4-turbo"", ""finish_reason"": ""stop"", ""puzzle_index"": 0}]",[],[],0,True,False,False,True,Early consensus - both models agreed,Both,1r4k1/3b1p1p/B2p2p1/2bP4/5P2/P6P/3Q2P1/7K b - - 0 33,65,33,False,"1. d4 Nf6 2. c4 g6 3. Nc3 Bg7 4. e4 d6 5. f3 O-O 6. Be3 c5 7. d5 e6 8. Qd2 exd5
9. cxd5 a6 10. a4 Re8 11. Nge2 Nbd7 12. Nc1 Ne5 13. Be2 Rb8 14. O-O c4 15. a5
Nfd7 16. f4 Nd3 17. Nxd3 cxd3 18. Bxd3 b5 19. axb6 Nxb6 20. Qf2 Qc7 21. Rfc1
Nc4 22. Na4 Nxe3 23. Rxc7 Bd4 24. Rc4 Ba7 25. Kh1 Re7 26. Qe2 Bg4 27. Qd2 Bd7
28. h3 Nxc4 29. Bxc4 Rxe4 30. Bd3 Rxa4 31. Ra3 Rxa3 32. bxa3 Bc5 33. Bxa6 *","You are a chess grandmaster.
You will be given a partially completed game.
After seeing it, you should repeat the ENTIRE GAME and then give the next 3 moves.
After repeating the game, immediately continue by listing those moves in order on a single line, separated by spaces, starting with the side to move now.
Use standard algebraic notation, e.g. 'e4' or 'Rdf8'.
ALWAYS repeat the entire representation of the game so far.
NEVER explain your choice."
sY724,4r3/p1p5/2p2pk1/2Npr1p1/P6p/1P3Q2/2P2KPP/8 w - - 8 30,f2g1 e5e3 f3f1 e3e1 g1f2 e1f1,2236,75,84,153,crushing endgame long pin,https://lichess.org/a5cHLVIt#59,,"[Event ""rated rapid game""]
[Site ""https://lichess.org/a5cHLVIt""]
[Date ""2020.04.28""]
[Round ""?""]
[White ""orlandorochafilho""]
[Black ""TONGAYI""]
[Result ""1/2-1/2""]
[GameId ""a5cHLVIt""]
[UTCDate ""2020.04.28""]
[UTCTime ""00:04:05""]
[WhiteElo ""1966""]
[BlackElo ""2036""]
[WhiteRatingDiff ""+2""]
[BlackRatingDiff ""-1""]
[Variant ""Standard""]
[TimeControl ""600+0""]
[ECO ""A01""]
[Opening ""Nimzo-Larsen Attack: Modern Variation""]
[Termination ""Normal""]

1. b3 e5 2. Bb2 Nc6 3. e3 d5 4. Bb5 Bd6 5. f4 f6 6. Nh3 Bxh3 7. Qh5+ g6 8. Qxh3
exf4 9. O-O g5 10. Qh5+ Kd7 11. Qg4+ Ke8 12. exf4 Bxf4 13. Re1+ Kf8 14. Nc3
Bxd2 15. Ba3+ Nge7 16. Bxc6 Bxe1 17. Rxe1 bxc6 18. Bxe7+ Qxe7 19. Rxe7 Kxe7 20.
Na4 h5 21. Qe2+ Kf7 22. Nc5 Rae8 23. Qa6 Re1+ 24. Kf2 Rhe8 25. a4 h4 26. Qd3
Kg7 27. Nd7 R1e7 28. Nc5 Re5 29. Qf3 Kg6 30. Kg1 1/2-1/2",59,0,False,3.0,0.0,Mismatch: expected e5e3 but got f6f5,f5,f5,,f6f5,,,,0,0,0,,,Early consensus - no moderator needed,Early consensus - both models agreed,"{'round1': {'affirmative_move': 'f5', 'negative_move': 'f5', 'affirmative_response': '1. b3 e5 2. Bb2 Nc6 3. e3 d5 4. Bb5 Bd6 5. f4 f6 6. Nh3 Bxh3 7. Qh5+ g6 8. Qxh3 exf4 9. O-O g5 10. Qh5+ Kd7 11. Qg4+ Ke8 12. exf4 Bxf4 13. Re1+ Kf8 14. Nc3 Bxd2 15. Ba3+ Nge7 16. Bxc6 Bxe1 17. Rxe1 bxc6 18. Bxe7+ Qxe7 19. Rxe7 Kxe7 20. Na4 h5 21. Qe2+ Kf7 22. Nc5 Rae8 23. Qa6 Re1+ 24. Kf2 Rhe8 25. a4 h4 26. Qd3 Kg7 27. Nd7 R1e7 28. Nc5 Re5 29. Qf3 Kg6 30. Kg1 f5 31. h3 Re3 32. Qxc6+ Kh5', 'negative_response': '1. b3 e5 2. Bb2 Nc6 3. e3 d5 4. Bb5 Bd6 5. f4 f6 6. Nh3 Bxh3 7. Qh5+ g6 8. Qxh3 exf4 9. O-O g5 10. Qh5+ Kd7 11. Qg4+ Ke8 12. exf4 Bxf4 13. Re1+ Kf8 14. Nc3 Bxd2 15. Ba3+ Nge7 16. Bxc6 Bxe1 17. Rxe1 bxc6 18. Bxe7+ Qxe7 19. Rxe7 Kxe7 20. Na4 h5 21. Qe2+ Kf7 22. Nc5 Rae8 23. Qa6 Re1+ 24. Kf2 Rhe8 25. a4 h4 26. Qd3 Kg7 27. Nd7 R1e7 28. Nc5 Re5 29. Qf3 Kg6 30. Kg1 f5 31. h3 Re3 32. Qxc6+ Kh5', 'affirmative_tokens': {'prompt_tokens': 370, 'completion_tokens': 269, 'total_tokens': 639, 'model': 'gpt-4-turbo', 'finish_reason': 'stop'}, 'negative_tokens': {'prompt_tokens': 370, 'completion_tokens': 269, 'total_tokens': 639, 'model': 'gpt-4-turbo', 'finish_reason': 'stop'}, 'moderator_response': 'Early consensus - no moderator needed', 'early_consensus': True}, 'final_result': {'final_move_san': 'f5', 'final_move_uci': 'f6f5', 'success': True, 'reason': 'Early consensus - both models agreed', 'supported_side': 'Both', 'source_agent': 'affirmative', 'source_agents': ['affirmative', 'negative']}, 'total_tokens': {'affirmative': {'prompt_tokens': 370, 'completion_tokens': 269, 'total_tokens': 639, 'model': 'gpt-4-turbo', 'finish_reason': 'stop'}, 'negative': {'prompt_tokens': 370, 'completion_tokens': 269, 'total_tokens': 639, 'model': 'gpt-4-turbo', 'finish_reason': 'stop'}, 'moderator': None, 'judge': None, 'total_prompt_tokens': 740, 'total_completion_tokens': 538, 'total_tokens': 1278}, 'token_events': [{'paradigm': 'debate', 'agent': 'affirmative', 'role': 'affirmative_round1', 'round': 1, 'ply_index': 59, 'turn_number': 30, 'is_white_to_move': False, 'prompt_tokens': 370, 'completion_tokens': 269, 'total_tokens': 639, 'model': 'gpt-4-turbo', 'finish_reason': 'stop'}, {'paradigm': 'debate', 'agent': 'negative', 'role': 'negative_round1', 'round': 1, 'ply_index': 59, 'turn_number': 30, 'is_white_to_move': False, 'prompt_tokens': 370, 'completion_tokens': 269, 'total_tokens': 639, 'model': 'gpt-4-turbo', 'finish_reason': 'stop'}], 'judge': {}, 'moderator': {'raw_response': None}}",370,269,639,gpt-4-turbo,stop,1. b3 e5 2. Bb2 Nc6 3. e3 d5 4. Bb5 Bd6 5. f4 f6 6. Nh3 Bxh3 7. Qh5+ g6 8. Qxh3 exf4 9. O-O g5 10. Qh5+ Kd7 11. Qg4+ Ke8 12. exf4 Bxf4 13. Re1+ Kf8 14. Nc3 Bxd2 15. Ba3+ Nge7 16. Bxc6 Bxe1 17. Rxe1 bxc6 18. Bxe7+ Qxe7 19. Rxe7 Kxe7 20. Na4 h5 21. Qe2+ Kf7 22. Nc5 Rae8 23. Qa6 Re1+ 24. Kf2 Rhe8 25. a4 h4 26. Qd3 Kg7 27. Nd7 R1e7 28. Nc5 Re5 29. Qf3 Kg6 30. Kg1 f5 31. h3 Re3 32. Qxc6+ Kh5,370,269,639,gpt-4-turbo,stop,1. b3 e5 2. Bb2 Nc6 3. e3 d5 4. Bb5 Bd6 5. f4 f6 6. Nh3 Bxh3 7. Qh5+ g6 8. Qxh3 exf4 9. O-O g5 10. Qh5+ Kd7 11. Qg4+ Ke8 12. exf4 Bxf4 13. Re1+ Kf8 14. Nc3 Bxd2 15. Ba3+ Nge7 16. Bxc6 Bxe1 17. Rxe1 bxc6 18. Bxe7+ Qxe7 19. Rxe7 Kxe7 20. Na4 h5 21. Qe2+ Kf7 22. Nc5 Rae8 23. Qa6 Re1+ 24. Kf2 Rhe8 25. a4 h4 26. Qd3 Kg7 27. Nd7 R1e7 28. Nc5 Re5 29. Qf3 Kg6 30. Kg1 f5 31. h3 Re3 32. Qxc6+ Kh5,0,0,0,,,,0,0,0,,,Early consensus - no moderator needed,0,0,0,,,,740,538,1278,0.0,0,0,0,740,538,1278,0,0,"[{""paradigm"": ""debate"", ""agent"": ""affirmative"", ""role"": ""affirmative_round1"", ""round"": 1, ""ply_index"": 59, ""turn_number"": 30, ""is_white_to_move"": false, ""prompt_tokens"": 370, ""completion_tokens"": 269, ""total_tokens"": 639, ""model"": ""gpt-4-turbo"", ""finish_reason"": ""stop"", ""puzzle_index"": 1}, {""paradigm"": ""debate"", ""agent"": ""negative"", ""role"": ""negative_round1"", ""round"": 1, ""ply_index"": 59, ""turn_number"": 30, ""is_white_to_move"": false, ""prompt_tokens"": 370, ""completion_tokens"": 269, ""total_tokens"": 639, ""model"": ""gpt-4-turbo"", ""finish_reason"": ""stop"", ""puzzle_index"": 1}]",[],"[{""paradigm"": ""debate"", ""agent"": ""affirmative"", ""role"": ""affirmative_round1"", ""round"": 1, ""ply_index"": 59, ""turn_number"": 30, ""is_white_to_move"": false, ""prompt_tokens"": 370, ""completion_tokens"": 269, ""total_tokens"": 639, ""model"": ""gpt-4-turbo"", ""finish_reason"": ""stop"", ""puzzle_index"": 1}, {""paradigm"": ""debate"", ""agent"": ""negative"", ""role"": ""negative_round1"", ""round"": 1, ""ply_index"": 59, ""turn_number"": 30, ""is_white_to_move"": false, ""prompt_tokens"": 370, ""completion_tokens"": 269, ""total_tokens"": 639, ""model"": ""gpt-4-turbo"", ""finish_reason"": ""stop"", ""puzzle_index"": 1}]",[],[],0,True,False,False,True,Early consensus - both models agreed,Both,4r3/p1p5/2p2pk1/2Npr1p1/P6p/1P3Q2/2P3PP/6K1 b - - 9 30,59,30,False,"1. b3 e5 2. Bb2 Nc6 3. e3 d5 4. Bb5 Bd6 5. f4 f6 6. Nh3 Bxh3 7. Qh5+ g6 8. Qxh3
exf4 9. O-O g5 10. Qh5+ Kd7 11. Qg4+ Ke8 12. exf4 Bxf4 13. Re1+ Kf8 14. Nc3
Bxd2 15. Ba3+ Nge7 16. Bxc6 Bxe1 17. Rxe1 bxc6 18. Bxe7+ Qxe7 19. Rxe7 Kxe7 20.
Na4 h5 21. Qe2+ Kf7 22. Nc5 Rae8 23. Qa6 Re1+ 24. Kf2 Rhe8 25. a4 h4 26. Qd3
Kg7 27. Nd7 R1e7 28. Nc5 Re5 29. Qf3 Kg6 30. Kg1 *","You are a chess grandmaster.
You will be given a partially completed game.
After seeing it, you should repeat the ENTIRE GAME and then give the next 3 moves.
After repeating the game, immediately continue by listing those moves in order on a single line, separated by spaces, starting with the side to move now.
Use standard algebraic notation, e.g. 'e4' or 'Rdf8'.
ALWAYS repeat the entire representation of the game so far.
NEVER explain your choice."
Ws0JS,Q1bq1nk1/2p2rb1/3p1n1p/2PPp3/4P1p1/2NNBPP1/4B1K1/7R w - - 0 27,c5d6 g4f3 e2f3 c8h3 h1h3 d8a8,1428,74,97,18751,advantage clearance discoveredAttack long middlegame,https://lichess.org/ayILyjXP#53,,"[Event ""rated blitz game""]
[Site ""https://lichess.org/ayILyjXP""]
[Date ""2021.05.10""]
[Round ""?""]
[White ""Capivara_Assanhada""]
[Black ""chessbymilan""]
[Result ""0-1""]
[GameId ""ayILyjXP""]
[UTCDate ""2021.05.10""]
[UTCTime ""00:29:19""]
[WhiteElo ""2092""]
[BlackElo ""2067""]
[WhiteRatingDiff ""-6""]
[BlackRatingDiff ""+30""]
[Variant ""Standard""]
[TimeControl ""180+2""]
[ECO ""A40""]
[Opening ""Mikenas Defense""]
[Termination ""Normal""]

1. d4 Nc6 2. Nf3 d6 3. Bf4 Nf6 4. d5 Nb8 5. c4 g6 6. Nc3 Bg7 7. e4 O-O 8. Be2
e5 9. Be3 Ng4 10. Bd2 f5 11. O-O f4 12. Ne1 Nf6 13. f3 g5 14. g4 fxg3 15. hxg3
Nh5 16. Kg2 h6 17. Rh1 Nf6 18. Nd3 Nbd7 19. Be3 b6 20. b4 a5 21. a3 Rf7 22. c5
axb4 23. axb4 Rxa1 24. Qxa1 bxc5 25. bxc5 Nf8 26. Qa8 g4 27. cxd6 0-1",53,0,False,3.0,0.0,Mismatch: expected g4f3 but got c7d6,cxd6,cxd6,,c7d6,,,,0,0,0,,,Early consensus - no moderator needed,Early consensus - both models agreed,"{'round1': {'affirmative_move': 'cxd6', 'negative_move': 'cxd6', 'affirmative_response': '1. d4 Nc6 2. Nf3 d6 3. Bf4 Nf6 4. d5 Nb8 5. c4 g6 6. Nc3 Bg7 7. e4 O-O 8. Be2 e5 9. Be3 Ng4 10. Bd2 f5 11. O-O f4 12. Ne1 Nf6 13. f3 g5 14. g4 fxg3 15. hxg3 Nh5 16. Kg2 h6 17. Rh1 Nf6 18. Nd3 Nbd7 19. Be3 b6 20. b4 a5 21. a3 Rf7 22. c5 axb4 23. axb4 Rxa1 24. Qxa1 bxc5 25. bxc5 Nf8 26. Qa8 g4 27. cxd6 cxd6 28. fxg4 Nxg4 29. Bxg4 Bxg4 30. Nf2 Be6', 'negative_response': '1. d4 Nc6 2. Nf3 d6 3. Bf4 Nf6 4. d5 Nb8 5. c4 g6 6. Nc3 Bg7 7. e4 O-O 8. Be2 e5 9. Be3 Ng4 10. Bd2 f5 11. O-O f4 12. Ne1 Nf6 13. f3 g5 14. g4 fxg3 15. hxg3 Nh5 16. Kg2 h6 17. Rh1 Nf6 18. Nd3 Nbd7 19. Be3 b6 20. b4 a5 21. a3 Rf7 22. c5 axb4 23. axb4 Rxa1 24. Qxa1 bxc5 25. bxc5 Nf8 26. Qa8 g4 27. cxd6 cxd6 28. fxg4 Nxg4 29. Bxg4 Bxg4', 'affirmative_tokens': {'prompt_tokens': 325, 'completion_tokens': 238, 'total_tokens': 563, 'model': 'gpt-4-turbo', 'finish_reason': 'stop'}, 'negative_tokens': {'prompt_tokens': 325, 'completion_tokens': 230, 'total_tokens': 555, 'model': 'gpt-4-turbo', 'finish_reason': 'stop'}, 'moderator_response': 'Early consensus - no moderator needed', 'early_consensus': True}, 'final_result': {'final_move_san': 'cxd6', 'final_move_uci': 'c7d6', 'success': True, 'reason': 'Early consensus - both models agreed', 'supported_side': 'Both', 'source_agent': 'affirmative', 'source_agents': ['affirmative', 'negative']}, 'total_tokens': {'affirmative': {'prompt_tokens': 325, 'completion_tokens': 238, 'total_tokens': 563, 'model': 'gpt-4-turbo', 'finish_reason': 'stop'}, 'negative': {'prompt_tokens': 325, 'completion_tokens': 230, 'total_tokens': 555, 'model': 'gpt-4-turbo', 'finish_reason': 'stop'}, 'moderator': None, 'judge': None, 'total_prompt_tokens': 650, 'total_completion_tokens': 468, 'total_tokens': 1118}, 'token_events': [{'paradigm': 'debate', 'agent': 'affirmative', 'role': 'affirmative_round1', 'round': 1, 'ply_index': 53, 'turn_number': 27, 'is_white_to_move': False, 'prompt_tokens': 325, 'completion_tokens': 238, 'total_tokens': 563, 'model': 'gpt-4-turbo', 'finish_reason': 'stop'}, {'paradigm': 'debate', 'agent': 'negative', 'role': 'negative_round1', 'round': 1, 'ply_index': 53, 'turn_number': 27, 'is_white_to_move': False, 'prompt_tokens': 325, 'completion_tokens': 230, 'total_tokens': 555, 'model': 'gpt-4-turbo', 'finish_reason': 'stop'}], 'judge': {}, 'moderator': {'raw_response': None}}",325,238,563,gpt-4-turbo,stop,1. d4 Nc6 2. Nf3 d6 3. Bf4 Nf6 4. d5 Nb8 5. c4 g6 6. Nc3 Bg7 7. e4 O-O 8. Be2 e5 9. Be3 Ng4 10. Bd2 f5 11. O-O f4 12. Ne1 Nf6 13. f3 g5 14. g4 fxg3 15. hxg3 Nh5 16. Kg2 h6 17. Rh1 Nf6 18. Nd3 Nbd7 19. Be3 b6 20. b4 a5 21. a3 Rf7 22. c5 axb4 23. axb4 Rxa1 24. Qxa1 bxc5 25. bxc5 Nf8 26. Qa8 g4 27. cxd6 cxd6 28. fxg4 Nxg4 29. Bxg4 Bxg4 30. Nf2 Be6,325,230,555,gpt-4-turbo,stop,1. d4 Nc6 2. Nf3 d6 3. Bf4 Nf6 4. d5 Nb8 5. c4 g6 6. Nc3 Bg7 7. e4 O-O 8. Be2 e5 9. Be3 Ng4 10. Bd2 f5 11. O-O f4 12. Ne1 Nf6 13. f3 g5 14. g4 fxg3 15. hxg3 Nh5 16. Kg2 h6 17. Rh1 Nf6 18. Nd3 Nbd7 19. Be3 b6 20. b4 a5 21. a3 Rf7 22. c5 axb4 23. axb4 Rxa1 24. Qxa1 bxc5 25. bxc5 Nf8 26. Qa8 g4 27. cxd6 cxd6 28. fxg4 Nxg4 29. Bxg4 Bxg4,0,0,0,,,,0,0,0,,,Early consensus - no moderator needed,0,0,0,,,,650,468,1118,0.0,0,0,0,650,468,1118,0,0,"[{""paradigm"": ""debate"", ""agent"": ""affirmative"", ""role"": ""affirmative_round1"", ""round"": 1, ""ply_index"": 53, ""turn_number"": 27, ""is_white_to_move"": false, ""prompt_tokens"": 325, ""completion_tokens"": 238, ""total_tokens"": 563, ""model"": ""gpt-4-turbo"", ""finish_reason"": ""stop"", ""puzzle_index"": 2}, {""paradigm"": ""debate"", ""agent"": ""negative"", ""role"": ""negative_round1"", ""round"": 1, ""ply_index"": 53, ""turn_number"": 27, ""is_white_to_move"": false, ""prompt_tokens"": 325, ""completion_tokens"": 230, ""total_tokens"": 555, ""model"": ""gpt-4-turbo"", ""finish_reason"": ""stop"", ""puzzle_index"": 2}]",[],"[{""paradigm"": ""debate"", ""agent"": ""affirmative"", ""role"": ""affirmative_round1"", ""round"": 1, ""ply_index"": 53, ""turn_number"": 27, ""is_white_to_move"": false, ""prompt_tokens"": 325, ""completion_tokens"": 238, ""total_tokens"": 563, ""model"": ""gpt-4-turbo"", ""finish_reason"": ""stop"", ""puzzle_index"": 2}, {""paradigm"": ""debate"", ""agent"": ""negative"", ""role"": ""negative_round1"", ""round"": 1, ""ply_index"": 53, ""turn_number"": 27, ""is_white_to_move"": false, ""prompt_tokens"": 325, ""completion_tokens"": 230, ""total_tokens"": 555, ""model"": ""gpt-4-turbo"", ""finish_reason"": ""stop"", ""puzzle_index"": 2}]",[],[],0,True,False,False,True,Early consensus - both models agreed,Both,Q1bq1nk1/2p2rb1/3P1n1p/3Pp3/4P1p1/2NNBPP1/4B1K1/7R b - - 0 27,53,27,False,"1. d4 Nc6 2. Nf3 d6 3. Bf4 Nf6 4. d5 Nb8 5. c4 g6 6. Nc3 Bg7 7. e4 O-O 8. Be2
e5 9. Be3 Ng4 10. Bd2 f5 11. O-O f4 12. Ne1 Nf6 13. f3 g5 14. g4 fxg3 15. hxg3
Nh5 16. Kg2 h6 17. Rh1 Nf6 18. Nd3 Nbd7 19. Be3 b6 20. b4 a5 21. a3 Rf7 22. c5
axb4 23. axb4 Rxa1 24. Qxa1 bxc5 25. bxc5 Nf8 26. Qa8 g4 27. cxd6 *","You are a chess grandmaster.
You will be given a partially completed game.
After seeing it, you should repeat the ENTIRE GAME and then give the next 3 moves.
After repeating the game, immediately continue by listing those moves in order on a single line, separated by spaces, starting with the side to move now.
Use standard algebraic notation, e.g. 'e4' or 'Rdf8'.
ALWAYS repeat the entire representation of the game so far.
NEVER explain your choice."
151Ii,r4rk1/3b2pp/p3p3/1q1p1p2/1BnP4/2P1P2P/PPB1QPP1/1K1R3R w - - 8 25,c2b3 c4a3 b1c1 b5e2,1082,86,94,394,advantage discoveredAttack middlegame short,https://lichess.org/ZCQTV3Ji#49,,"[Event ""rated rapid game""]
[Site ""https://lichess.org/ZCQTV3Ji""]
[Date ""2023.03.22""]
[Round ""?""]
[White ""Khaled-waled14""]
[Black ""schesszombie""]
[Result ""0-1""]
[GameId ""ZCQTV3Ji""]
[UTCDate ""2023.03.22""]
[UTCTime ""20:30:08""]
[WhiteElo ""1890""]
[BlackElo ""1949""]
[WhiteRatingDiff ""-5""]
[BlackRatingDiff ""+6""]
[Variant ""Standard""]
[TimeControl ""600+5""]
[ECO ""D02""]
[Opening ""Queen's Pawn Game: London System, with e6""]
[Termination ""Normal""]

1. d4 d5 2. Nf3 e6 3. Bf4 f5 4. e3 Nf6 5. Nbd2 Bd6 6. Ne5 O-O 7. h3 c6 8. Bd3
Nbd7 9. Ndf3 Ne4 10. Qe2 Bb4+ 11. c3 Be7 12. O-O-O b5 13. Nxc6 Qe8 14. Nxe7+
Qxe7 15. Bxb5 Nb6 16. Ne5 a6 17. Bd3 Na4 18. Nc6 Qb7 19. Na5 Qb6 20. Bxe4 Qxa5
21. Bc2 Nb6 22. Kb1 Bd7 23. Bd6 Nc4 24. Bb4 Qb5 25. Bb3 0-1",49,0,False,2.0,0.0,Mismatch: expected c4a3 but got a6a5,a5,a5,,a6a5,,,,0,0,0,,,Early consensus - no moderator needed,Early consensus - both models agreed,"{'round1': {'affirmative_move': 'a5', 'negative_move': 'a5', 'affirmative_response': '1. d4 d5 2. Nf3 e6 3. Bf4 f5 4. e3 Nf6 5. Nbd2 Bd6 6. Ne5 O-O 7. h3 c6 8. Bd3 Nbd7 9. Ndf3 Ne4 10. Qe2 Bb4+ 11. c3 Be7 12. O-O-O b5 13. Nxc6 Qe8 14. Nxe7+ Qxe7 15. Bxb5 Nb6 16. Ne5 a6 17. Bd3 Na4 18. Nc6 Qb7 19. Na5 Qb6 20. Bxe4 Qxa5 21. Bc2 Nb6 22. Kb1 Bd7 23. Bd6 Nc4 24. Bb4 Qb5 25. Bb3 a5 26. a4 Qb7 27. Ka2 Rfb8', 'negative_response': '1. d4 d5 2. Nf3 e6 3. Bf4 f5 4. e3 Nf6 5. Nbd2 Bd6 6. Ne5 O-O 7. h3 c6 8. Bd3 Nbd7 9. Ndf3 Ne4 10. Qe2 Bb4+ 11. c3 Be7 12. O-O-O b5 13. Nxc6 Qe8 14. Nxe7+ Qxe7 15. Bxb5 Nb6 16. Ne5 a6 17. Bd3 Na4 18. Nc6 Qb7 19. Na5 Qb6 20. Bxe4 Qxa5 21. Bc2 Nb6 22. Kb1 Bd7 23. Bd6 Nc4 24. Bb4 Qb5 25. Bb3 a5 26. a4 Qb6 27. Ka2 Rfb8', 'affirmative_tokens': {'prompt_tokens': 314, 'completion_tokens': 216, 'total_tokens': 530, 'model': 'gpt-4-turbo', 'finish_reason': 'stop'}, 'negative_tokens': {'prompt_tokens': 314, 'completion_tokens': 216, 'total_tokens': 530, 'model': 'gpt-4-turbo', 'finish_reason': 'stop'}, 'moderator_response': 'Early consensus - no moderator needed', 'early_consensus': True}, 'final_result': {'final_move_san': 'a5', 'final_move_uci': 'a6a5', 'success': True, 'reason': 'Early consensus - both models agreed', 'supported_side': 'Both', 'source_agent': 'affirmative', 'source_agents': ['affirmative', 'negative']}, 'total_tokens': {'affirmative': {'prompt_tokens': 314, 'completion_tokens': 216, 'total_tokens': 530, 'model': 'gpt-4-turbo', 'finish_reason': 'stop'}, 'negative': {'prompt_tokens': 314, 'completion_tokens': 216, 'total_tokens': 530, 'model': 'gpt-4-turbo', 'finish_reason': 'stop'}, 'moderator': None, 'judge': None, 'total_prompt_tokens': 628, 'total_completion_tokens': 432, 'total_tokens': 1060}, 'token_events': [{'paradigm': 'debate', 'agent': 'affirmative', 'role': 'affirmative_round1', 'round': 1, 'ply_index': 49, 'turn_number': 25, 'is_white_to_move': False, 'prompt_tokens': 314, 'completion_tokens': 216, 'total_tokens': 530, 'model': 'gpt-4-turbo', 'finish_reason': 'stop'}, {'paradigm': 'debate', 'agent': 'negative', 'role': 'negative_round1', 'round': 1, 'ply_index': 49, 'turn_number': 25, 'is_white_to_move': False, 'prompt_tokens': 314, 'completion_tokens': 216, 'total_tokens': 530, 'model': 'gpt-4-turbo', 'finish_reason': 'stop'}], 'judge': {}, 'moderator': {'raw_response': None}}",314,216,530,gpt-4-turbo,stop,1. d4 d5 2. Nf3 e6 3. Bf4 f5 4. e3 Nf6 5. Nbd2 Bd6 6. Ne5 O-O 7. h3 c6 8. Bd3 Nbd7 9. Ndf3 Ne4 10. Qe2 Bb4+ 11. c3 Be7 12. O-O-O b5 13. Nxc6 Qe8 14. Nxe7+ Qxe7 15. Bxb5 Nb6 16. Ne5 a6 17. Bd3 Na4 18. Nc6 Qb7 19. Na5 Qb6 20. Bxe4 Qxa5 21. Bc2 Nb6 22. Kb1 Bd7 23. Bd6 Nc4 24. Bb4 Qb5 25. Bb3 a5 26. a4 Qb7 27. Ka2 Rfb8,314,216,530,gpt-4-turbo,stop,1. d4 d5 2. Nf3 e6 3. Bf4 f5 4. e3 Nf6 5. Nbd2 Bd6 6. Ne5 O-O 7. h3 c6 8. Bd3 Nbd7 9. Ndf3 Ne4 10. Qe2 Bb4+ 11. c3 Be7 12. O-O-O b5 13. Nxc6 Qe8 14. Nxe7+ Qxe7 15. Bxb5 Nb6 16. Ne5 a6 17. Bd3 Na4 18. Nc6 Qb7 19. Na5 Qb6 20. Bxe4 Qxa5 21. Bc2 Nb6 22. Kb1 Bd7 23. Bd6 Nc4 24. Bb4 Qb5 25. Bb3 a5 26. a4 Qb6 27. Ka2 Rfb8,0,0,0,,,,0,0,0,,,Early consensus - no moderator needed,0,0,0,,,,628,432,1060,0.0,0,0,0,628,432,1060,0,0,"[{""paradigm"": ""debate"", ""agent"": ""affirmative"", ""role"": ""affirmative_round1"", ""round"": 1, ""ply_index"": 49, ""turn_number"": 25, ""is_white_to_move"": false, ""prompt_tokens"": 314, ""completion_tokens"": 216, ""total_tokens"": 530, ""model"": ""gpt-4-turbo"", ""finish_reason"": ""stop"", ""puzzle_index"": 3}, {""paradigm"": ""debate"", ""agent"": ""negative"", ""role"": ""negative_round1"", ""round"": 1, ""ply_index"": 49, ""turn_number"": 25, ""is_white_to_move"": false, ""prompt_tokens"": 314, ""completion_tokens"": 216, ""total_tokens"": 530, ""model"": ""gpt-4-turbo"", ""finish_reason"": ""stop"", ""puzzle_index"": 3}]",[],"[{""paradigm"": ""debate"", ""agent"": ""affirmative"", ""role"": ""affirmative_round1"", ""round"": 1, ""ply_index"": 49, ""turn_number"": 25, ""is_white_to_move"": false, ""prompt_tokens"": 314, ""completion_tokens"": 216, ""total_tokens"": 530, ""model"": ""gpt-4-turbo"", ""finish_reason"": ""stop"", ""puzzle_index"": 3}, {""paradigm"": ""debate"", ""agent"": ""negative"", ""role"": ""negative_round1"", ""round"": 1, ""ply_index"": 49, ""turn_number"": 25, ""is_white_to_move"": false, ""prompt_tokens"": 314, ""completion_tokens"": 216, ""total_tokens"": 530, ""model"": ""gpt-4-turbo"", ""finish_reason"": ""stop"", ""puzzle_index"": 3}]",[],[],0,True,False,False,True,Early consensus - both models agreed,Both,r4rk1/3b2pp/p3p3/1q1p1p2/1BnP4/1BP1P2P/PP2QPP1/1K1R3R b - - 9 25,49,25,False,"1. d4 d5 2. Nf3 e6 3. Bf4 f5 4. e3 Nf6 5. Nbd2 Bd6 6. Ne5 O-O 7. h3 c6 8. Bd3
Nbd7 9. Ndf3 Ne4 10. Qe2 Bb4+ 11. c3 Be7 12. O-O-O b5 13. Nxc6 Qe8 14. Nxe7+
Qxe7 15. Bxb5 Nb6 16. Ne5 a6 17. Bd3 Na4 18. Nc6 Qb7 19. Na5 Qb6 20. Bxe4 Qxa5
21. Bc2 Nb6 22. Kb1 Bd7 23. Bd6 Nc4 24. Bb4 Qb5 25. Bb3 *","You are a chess grandmaster.
You will be given a partially completed game.
After seeing it, you should repeat the ENTIRE GAME and then give the next 3 moves.
After repeating the game, immediately continue by listing those moves in order on a single line, separated by spaces, starting with the side to move now.
Use standard algebraic notation, e.g. 'e4' or 'Rdf8'.
ALWAYS repeat the entire representation of the game so far.
NEVER explain your choice."
A6x1W,3r2k1/ppp2ppp/3q4/8/8/P3Q1P1/1PPr1P1P/2R1R1K1 b - - 3 27,d6d5 e3e8 d8e8 e1e8,1202,94,60,40,backRankMate endgame mate mateIn2 sacrifice short,https://lichess.org/XD8TgRWw/black#54,,"[Event ""Hourly SuperBlitz Arena""]
[Site ""https://lichess.org/XD8TgRWw""]
[Date ""2022.04.18""]
[Round ""?""]
[White ""theroadtomaster""]
[Black ""fmespina""]
[Result ""1-0""]
[GameId ""XD8TgRWw""]
[UTCDate ""2022.04.18""]
[UTCTime ""22:41:07""]
[WhiteElo ""1691""]
[BlackElo ""1838""]
[WhiteRatingDiff ""+8""]
[BlackRatingDiff ""-8""]
[Variant ""Standard""]
[TimeControl ""180+0""]
[ECO ""A40""]
[Opening ""Englund Gambit: Hartlaub-Charlick Gambit""]
[Termination ""Time forfeit""]

1. d4 e5 2. dxe5 d6 3. exd6 Bxd6 4. Nc3 Nf6 5. e4 O-O 6. Nf3 Re8 7. Bd3 Bf5 8.
O-O Bxe4 9. Nxe4 Nxe4 10. Be3 Nc6 11. a3 Nc5 12. Be2 Ne5 13. Nd4 Qh4 14. g3 Qh3
15. Nf3 Ne4 16. Nxe5 Rxe5 17. Bf3 Rd8 18. Bg2 Qf5 19. Bh3 Qg6 20. Bg2 Be7 21.
Qe2 Red5 22. Bxe4 Qxe4 23. Rfe1 Qg6 24. Bf4 Bd6 25. Bxd6 Qxd6 26. Qe3 Rd2 27.
Rac1 Qd5 1-0",54,0,False,2.0,0.0,Mismatch: expected e3e8 but got c2c4,c4,c4,,c2c4,,,,0,0,0,,,Early consensus - no moderator needed,Early consensus - both models agreed,"{'round1': {'affirmative_move': 'c4', 'negative_move': 'c4', 'affirmative_response': '1. d4 e5 2. dxe5 d6 3. exd6 Bxd6 4. Nc3 Nf6 5. e4 O-O 6. Nf3 Re8 7. Bd3 Bf5 8. O-O Bxe4 9. Nxe4 Nxe4 10. Be3 Nc6 11. a3 Nc5 12. Be2 Ne5 13. Nd4 Qh4 14. g3 Qh3 15. Nf3 Ne4 16. Nxe5 Rxe5 17. Bf3 Rd8 18. Bg2 Qf5 19. Bh3 Qg6 20. Bg2 Be7 21. Qe2 Red5 22. Bxe4 Qxe4 23. Rfe1 Qg6 24. Bf4 Bd6 25. Bxd6 Qxd6 26. Qe3 Rd2 27. Rac1 Qd5 28. c4 Rd3 29. Qe2 Rd2 30. Qe3 Rd3', 'negative_response': '1. d4 e5 2. dxe5 d6 3. exd6 Bxd6 4. Nc3 Nf6 5. e4 O-O 6. Nf3 Re8 7. Bd3 Bf5 8. O-O Bxe4 9. Nxe4 Nxe4 10. Be3 Nc6 11. a3 Nc5 12. Be2 Ne5 13. Nd4 Qh4 14. g3 Qh3 15. Nf3 Ne4 16. Nxe5 Rxe5 17. Bf3 Rd8 18. Bg2 Qf5 19. Bh3 Qg6 20. Bg2 Be7 21. Qe2 Red5 22. Bxe4 Qxe4 23. Rfe1 Qg6 24. Bf4 Bd6 25. Bxd6 Qxd6 26. Qe3 Rd2 27. Rac1 Qd5 28. c4 Qd3 29. Qxd3 R2xd3 30. Rc2', 'affirmative_tokens': {'prompt_tokens': 336, 'completion_tokens': 243, 'total_tokens': 579, 'model': 'gpt-4-turbo', 'finish_reason': 'stop'}, 'negative_tokens': {'prompt_tokens': 336, 'completion_tokens': 243, 'total_tokens': 579, 'model': 'gpt-4-turbo', 'finish_reason': 'stop'}, 'moderator_response': 'Early consensus - no moderator needed', 'early_consensus': True}, 'final_result': {'final_move_san': 'c4', 'final_move_uci': 'c2c4', 'success': True, 'reason': 'Early consensus - both models agreed', 'supported_side': 'Both', 'source_agent': 'affirmative', 'source_agents': ['affirmative', 'negative']}, 'total_tokens': {'affirmative': {'prompt_tokens': 336, 'completion_tokens': 243, 'total_tokens': 579, 'model': 'gpt-4-turbo', 'finish_reason': 'stop'}, 'negative': {'prompt_tokens': 336, 'completion_tokens': 243, 'total_tokens': 579, 'model': 'gpt-4-turbo', 'finish_reason': 'stop'}, 'moderator': None, 'judge': None, 'total_prompt_tokens': 672, 'total_completion_tokens': 486, 'total_tokens': 1158}, 'token_events': [{'paradigm': 'debate', 'agent': 'affirmative', 'role': 'affirmative_round1', 'round': 1, 'ply_index': 54, 'turn_number': 28, 'is_white_to_move': True, 'prompt_tokens': 336, 'completion_tokens': 243, 'total_tokens': 579, 'model': 'gpt-4-turbo', 'finish_reason': 'stop'}, {'paradigm': 'debate', 'agent': 'negative', 'role': 'negative_round1', 'round': 1, 'ply_index': 54, 'turn_number': 28, 'is_white_to_move': True, 'prompt_tokens': 336, 'completion_tokens': 243, 'total_tokens': 579, 'model': 'gpt-4-turbo', 'finish_reason': 'stop'}], 'judge': {}, 'moderator': {'raw_response': None}}",336,243,579,gpt-4-turbo,stop,1. d4 e5 2. dxe5 d6 3. exd6 Bxd6 4. Nc3 Nf6 5. e4 O-O 6. Nf3 Re8 7. Bd3 Bf5 8. O-O Bxe4 9. Nxe4 Nxe4 10. Be3 Nc6 11. a3 Nc5 12. Be2 Ne5 13. Nd4 Qh4 14. g3 Qh3 15. Nf3 Ne4 16. Nxe5 Rxe5 17. Bf3 Rd8 18. Bg2 Qf5 19. Bh3 Qg6 20. Bg2 Be7 21. Qe2 Red5 22. Bxe4 Qxe4 23. Rfe1 Qg6 24. Bf4 Bd6 25. Bxd6 Qxd6 26. Qe3 Rd2 27. Rac1 Qd5 28. c4 Rd3 29. Qe2 Rd2 30. Qe3 Rd3,336,243,579,gpt-4-turbo,stop,1. d4 e5 2. dxe5 d6 3. exd6 Bxd6 4. Nc3 Nf6 5. e4 O-O 6. Nf3 Re8 7. Bd3 Bf5 8. O-O Bxe4 9. Nxe4 Nxe4 10. Be3 Nc6 11. a3 Nc5 12. Be2 Ne5 13. Nd4 Qh4 14. g3 Qh3 15. Nf3 Ne4 16. Nxe5 Rxe5 17. Bf3 Rd8 18. Bg2 Qf5 19. Bh3 Qg6 20. Bg2 Be7 21. Qe2 Red5 22. Bxe4 Qxe4 23. Rfe1 Qg6 24. Bf4 Bd6 25. Bxd6 Qxd6 26. Qe3 Rd2 27. Rac1 Qd5 28. c4 Qd3 29. Qxd3 R2xd3 30. Rc2,0,0,0,,,,0,0,0,,,Early consensus - no moderator needed,0,0,0,,,,672,486,1158,0.0,0,0,0,672,486,1158,0,0,"[{""paradigm"": ""debate"", ""agent"": ""affirmative"", ""role"": ""affirmative_round1"", ""round"": 1, ""ply_index"": 54, ""turn_number"": 28, ""is_white_to_move"": true, ""prompt_tokens"": 336, ""completion_tokens"": 243, ""total_tokens"": 579, ""model"": ""gpt-4-turbo"", ""finish_reason"": ""stop"", ""puzzle_index"": 4}, {""paradigm"": ""debate"", ""agent"": ""negative"", ""role"": ""negative_round1"", ""round"": 1, ""ply_index"": 54, ""turn_number"": 28, ""is_white_to_move"": true, ""prompt_tokens"": 336, ""completion_tokens"": 243, ""total_tokens"": 579, ""model"": ""gpt-4-turbo"", ""finish_reason"": ""stop"", ""puzzle_index"": 4}]",[],"[{""paradigm"": ""debate"", ""agent"": ""affirmative"", ""role"": ""affirmative_round1"", ""round"": 1, ""ply_index"": 54, ""turn_number"": 28, ""is_white_to_move"": true, ""prompt_tokens"": 336, ""completion_tokens"": 243, ""total_tokens"": 579, ""model"": ""gpt-4-turbo"", ""finish_reason"": ""stop"", ""puzzle_index"": 4}, {""paradigm"": ""debate"", ""agent"": ""negative"", ""role"": ""negative_round1"", ""round"": 1, ""ply_index"": 54, ""turn_number"": 28, ""is_white_to_move"": true, ""prompt_tokens"": 336, ""completion_tokens"": 243, ""total_tokens"": 579, ""model"": ""gpt-4-turbo"", ""finish_reason"": ""stop"", ""puzzle_index"": 4}]",[],[],0,True,False,False,True,Early consensus - both models agreed,Both,3r2k1/ppp2ppp/8/3q4/8/P3Q1P1/1PPr1P1P/2R1R1K1 w - - 4 28,54,28,True,"1. d4 e5 2. dxe5 d6 3. exd6 Bxd6 4. Nc3 Nf6 5. e4 O-O 6. Nf3 Re8 7. Bd3 Bf5 8.
O-O Bxe4 9. Nxe4 Nxe4 10. Be3 Nc6 11. a3 Nc5 12. Be2 Ne5 13. Nd4 Qh4 14. g3 Qh3
15. Nf3 Ne4 16. Nxe5 Rxe5 17. Bf3 Rd8 18. Bg2 Qf5 19. Bh3 Qg6 20. Bg2 Be7 21.
Qe2 Red5 22. Bxe4 Qxe4 23. Rfe1 Qg6 24. Bf4 Bd6 25. Bxd6 Qxd6 26. Qe3 Rd2 27.
Rac1 Qd5 *","You are a chess grandmaster.
You will be given a partially completed game.
After seeing it, you should repeat the ENTIRE GAME and then give the next 3 moves.
After repeating the game, immediately continue by listing those moves in order on a single line, separated by spaces, starting with the side to move now.
Use standard algebraic notation, e.g. 'e4' or 'Rdf8'.
ALWAYS repeat the entire representation of the game so far.
NEVER explain your choice."
